word,count
like,84444
money,77503
please,69312
k,64626
dont,62539
market,61726
years,54253
get,51015
im,49196
think,48447
time,45132
make,44565
people,44253
removed,42881
automatically,42847
post,42400
year,42171
also,41969
account,40681
questions,39665
one,39474
buy,37973
good,37233
youre,36019
stock,35344
want,33924
much,33401
moderators,33077
article,32946
stocks,32804
thats,31507
funds,31429
bot,31332
investing,31317
question,31078
even,30319
fund,29914
tax,29890
go,29299
know,29046
need,28791
contact,28743
going,28383
sure,27510
action,27364
daily,27276
performed,27024
concerns,26877
long,26552
subredditmessagecomposetorinvesting,26372
